experiment_id,model,optimizer,learning_rate,seed,epoch,train_loss,val_loss,train_accuracy,val_accuracy
MLP_SGD_lr0.01_seed42,MLP,SGD,0.01,42,1,0.9581924126381968,0.4632059638765123,77.49215686274509,88.12222222222222
MLP_SGD_lr0.01_seed42,MLP,SGD,0.01,42,2,0.432526678442955,0.36113821167416044,87.83333333333333,90.02222222222223
MLP_SGD_lr0.01_seed42,MLP,SGD,0.01,42,3,0.3629418355857625,0.3191217645009359,89.60588235294118,91.05555555555556
MLP_SGD_lr0.01_seed42,MLP,SGD,0.01,42,4,0.3249108764704536,0.2910961847040388,90.76862745098039,91.81111111111112
MLP_SGD_lr0.01_seed42,MLP,SGD,0.01,42,5,0.2967031600264942,0.27049472573068406,91.54117647058824,92.11111111111111
MLP_SGD_lr0.01_seed42,MLP,SGD,0.01,42,6,0.27351770321995605,0.25202288058069017,92.24901960784314,92.81111111111112
MLP_SGD_lr0.01_seed42,MLP,SGD,0.01,42,7,0.25442337717028224,0.23635217400391897,92.70196078431373,93.35555555555555
MLP_SGD_lr0.01_seed42,MLP,SGD,0.01,42,8,0.23781614950825186,0.22297722907861073,93.27254901960784,93.58888888888889
MLP_SGD_lr0.01_seed42,MLP,SGD,0.01,42,9,0.22291617363340716,0.2127648811340332,93.71764705882353,94.0
MLP_SGD_lr0.01_seed42,MLP,SGD,0.01,42,10,0.21114181427628387,0.20076466868983375,94.06470588235294,94.23333333333333
MLP_SGD_lr0.01_seed42,MLP,SGD,0.01,42,11,0.19983327836032008,0.19110149386194017,94.42549019607843,94.53333333333333
MLP_SGD_lr0.01_seed42,MLP,SGD,0.01,42,12,0.18975523551305135,0.18344000875287586,94.6470588235294,94.7
MLP_SGD_lr0.01_seed42,MLP,SGD,0.01,42,13,0.18183626898831012,0.17690394463804032,94.8921568627451,95.02222222222223
MLP_SGD_lr0.01_seed42,MLP,SGD,0.01,42,14,0.17292354506955426,0.16958388679557376,95.12156862745098,95.03333333333333
MLP_SGD_lr0.01_seed42,MLP,SGD,0.01,42,15,0.16743514252877703,0.1642225517233213,95.21372549019608,95.32222222222222
MLP_SGD_lr0.01_seed42,MLP,SGD,0.01,42,16,0.15893905873801195,0.1585750969979498,95.57058823529412,95.38888888888889
MLP_SGD_lr0.01_seed42,MLP,SGD,0.01,42,17,0.15341137652946454,0.15396701645188862,95.61764705882354,95.5
MLP_SGD_lr0.01_seed42,MLP,SGD,0.01,42,18,0.14949106803127363,0.14959384857283697,95.82941176470588,95.71111111111111
MLP_SGD_lr0.01_seed42,MLP,SGD,0.01,42,19,0.14198256271259457,0.14625207620196873,96.04705882352941,95.75555555555556
MLP_SGD_lr0.01_seed42,MLP,SGD,0.01,42,20,0.138803168618942,0.1425783406297366,96.10980392156863,95.83333333333333
CNN_Adam_lr0.001_seed42,CNN,Adam,0.001,42,1,0.2546377636552149,0.0687262862343341,92.10980392156863,97.97777777777777
CNN_Adam_lr0.001_seed42,CNN,Adam,0.001,42,2,0.09644430373879333,0.04776980206453138,97.14117647058823,98.5
CNN_Adam_lr0.001_seed42,CNN,Adam,0.001,42,3,0.07411833006684103,0.04743290987921258,97.74705882352941,98.67777777777778
CNN_Adam_lr0.001_seed42,CNN,Adam,0.001,42,4,0.0634381870395303,0.03765268927678052,98.00392156862745,98.85555555555555
CNN_Adam_lr0.001_seed42,CNN,Adam,0.001,42,5,0.05213705438209296,0.0354077442272618,98.37254901960785,98.9888888888889
CNN_Adam_lr0.001_seed42,CNN,Adam,0.001,42,6,0.04745743096522147,0.03483173735650619,98.51176470588236,98.97777777777777
CNN_Adam_lr0.001_seed42,CNN,Adam,0.001,42,7,0.04563160748684816,0.03552499357235178,98.54117647058824,99.0111111111111
CNN_Adam_lr0.001_seed42,CNN,Adam,0.001,42,8,0.04117679071966239,0.031096826309467564,98.73137254901961,99.03333333333333
CNN_Adam_lr0.001_seed42,CNN,Adam,0.001,42,9,0.039168551970716094,0.03644429661036702,98.74509803921569,98.92222222222222
CNN_Adam_lr0.001_seed42,CNN,Adam,0.001,42,10,0.03462513808736135,0.03359265934410117,98.90196078431373,99.11111111111111
CNN_Adam_lr0.001_seed42,CNN,Adam,0.001,42,11,0.03392188329813892,0.030026910645146725,98.9,99.08888888888889
CNN_Adam_lr0.001_seed42,CNN,Adam,0.001,42,12,0.03225220316390201,0.03039434509452581,98.95294117647059,99.0111111111111
CNN_Adam_lr0.001_seed42,CNN,Adam,0.001,42,13,0.02952152049416327,0.03313905915014968,99.06470588235294,99.05555555555556
CNN_Adam_lr0.001_seed42,CNN,Adam,0.001,42,14,0.028160542496780218,0.03372637142720891,99.09803921568627,99.05555555555556
CNN_Adam_lr0.001_seed42,CNN,Adam,0.001,42,15,0.028174336208010037,0.0303038941275655,99.16078431372549,99.16666666666667
CNN_Adam_lr0.001_seed42,CNN,Adam,0.001,42,16,0.02590038166281524,0.028101749840786297,99.13725490196079,99.14444444444445
CNN_Adam_lr0.001_seed42,CNN,Adam,0.001,42,17,0.025116826277557763,0.028686586459881154,99.15490196078431,99.26666666666667
CNN_Adam_lr0.001_seed42,CNN,Adam,0.001,42,18,0.023790637307536708,0.029966679864398126,99.23725490196078,99.07777777777778
CNN_Adam_lr0.001_seed42,CNN,Adam,0.001,42,19,0.02575779526409878,0.02984026837904417,99.19411764705882,99.24444444444444
CNN_Adam_lr0.001_seed42,CNN,Adam,0.001,42,20,0.024606028567715696,0.030440840524861415,99.20196078431373,99.18888888888888
MLP_Adam_lr0.001_seed42,MLP,Adam,0.001,42,1,0.308565442571453,0.16989739763736725,91.11176470588235,94.93333333333334
MLP_Adam_lr0.001_seed42,MLP,Adam,0.001,42,2,0.14413843683284872,0.11277481638060675,95.67647058823529,96.65555555555555
MLP_Adam_lr0.001_seed42,MLP,Adam,0.001,42,3,0.10678202267575498,0.09988712561296093,96.70980392156862,96.86666666666666
MLP_Adam_lr0.001_seed42,MLP,Adam,0.001,42,4,0.08404036437968412,0.09674278366979626,97.38627450980393,97.1
MLP_Adam_lr0.001_seed42,MLP,Adam,0.001,42,5,0.07095662520570206,0.08438585839751694,97.73529411764706,97.43333333333334
MLP_Adam_lr0.001_seed42,MLP,Adam,0.001,42,6,0.062007330037306484,0.08701424419217639,98.0156862745098,97.36666666666666
MLP_Adam_lr0.001_seed42,MLP,Adam,0.001,42,7,0.05462709215151913,0.07683289401398764,98.19019607843137,97.72222222222223
MLP_Adam_lr0.001_seed42,MLP,Adam,0.001,42,8,0.04893877052815229,0.08624717230122123,98.3686274509804,97.56666666666666
MLP_Adam_lr0.001_seed42,MLP,Adam,0.001,42,9,0.04284152232004585,0.08201634103225337,98.59019607843138,97.78888888888889
MLP_Adam_lr0.001_seed42,MLP,Adam,0.001,42,10,0.040051490866853036,0.08247335224655561,98.67843137254901,97.76666666666667
MLP_Adam_lr0.001_seed42,MLP,Adam,0.001,42,11,0.037956598837339484,0.07899420797302284,98.72156862745098,97.76666666666667
MLP_Adam_lr0.001_seed42,MLP,Adam,0.001,42,12,0.03253414735426286,0.07653938578997946,98.92549019607843,97.9888888888889
MLP_Adam_lr0.001_seed42,MLP,Adam,0.001,42,13,0.03160804745103872,0.08893688438077353,98.91372549019607,97.63333333333334
MLP_Adam_lr0.001_seed42,MLP,Adam,0.001,42,14,0.02984051967242404,0.07968755212705582,98.96470588235294,97.86666666666666
MLP_Adam_lr0.001_seed42,MLP,Adam,0.001,42,15,0.028117679884269213,0.08118219027567344,99.01960784313725,97.97777777777777
MLP_Adam_lr0.001_seed42,MLP,Adam,0.001,42,16,0.026441259485495954,0.08621716224785066,99.0764705882353,97.83333333333333
MLP_Adam_lr0.001_seed42,MLP,Adam,0.001,42,17,0.024605140739569657,0.08879437175783743,99.11764705882354,97.73333333333333
MLP_Adam_lr0.001_seed42,MLP,Adam,0.001,42,18,0.024714169582053015,0.08962343109107396,99.11960784313726,97.86666666666666
MLP_Adam_lr0.001_seed42,MLP,Adam,0.001,42,19,0.024260349614210724,0.09122146485586806,99.15098039215687,97.81111111111112
MLP_Adam_lr0.001_seed42,MLP,Adam,0.001,42,20,0.023933101286606032,0.08442702062674087,99.2,97.95555555555555
CNN_SGD_lr0.01_seed42,CNN,SGD,0.01,42,1,1.0121634230005976,0.3158113304509057,67.17254901960784,90.74444444444444
CNN_SGD_lr0.01_seed42,CNN,SGD,0.01,42,2,0.3592196238298042,0.19052791984875997,88.71960784313725,94.45555555555555
CNN_SGD_lr0.01_seed42,CNN,SGD,0.01,42,3,0.24783370744597677,0.14682505196332932,92.25882352941177,95.44444444444444
CNN_SGD_lr0.01_seed42,CNN,SGD,0.01,42,4,0.19087784725895116,0.11508667247825198,94.17254901960784,96.64444444444445
CNN_SGD_lr0.01_seed42,CNN,SGD,0.01,42,5,0.15892592038126552,0.09671738131013181,95.15098039215687,97.08888888888889
CNN_SGD_lr0.01_seed42,CNN,SGD,0.01,42,6,0.13978849423048542,0.08480949315263166,95.76666666666667,97.4
CNN_SGD_lr0.01_seed42,CNN,SGD,0.01,42,7,0.1258810276444636,0.08392162654797236,96.1843137254902,97.44444444444444
CNN_SGD_lr0.01_seed42,CNN,SGD,0.01,42,8,0.11527145731156947,0.07149339699496826,96.3843137254902,97.92222222222222
CNN_SGD_lr0.01_seed42,CNN,SGD,0.01,42,9,0.10540069351140775,0.06944499140150018,96.67647058823529,97.95555555555555
CNN_SGD_lr0.01_seed42,CNN,SGD,0.01,42,10,0.09989200469354788,0.06345935571773184,96.8921568627451,98.23333333333333
CNN_SGD_lr0.01_seed42,CNN,SGD,0.01,42,11,0.09219358630040113,0.059640248785830206,97.1313725490196,98.27777777777777
CNN_SGD_lr0.01_seed42,CNN,SGD,0.01,42,12,0.08786572130389658,0.05680675624642107,97.28235294117647,98.32222222222222
CNN_SGD_lr0.01_seed42,CNN,SGD,0.01,42,13,0.08241936974242037,0.054444973828891914,97.38235294117646,98.42222222222222
CNN_SGD_lr0.01_seed42,CNN,SGD,0.01,42,14,0.0781000335448805,0.05248923216760158,97.60392156862746,98.44444444444444
CNN_SGD_lr0.01_seed42,CNN,SGD,0.01,42,15,0.0752674642167255,0.05034069831793507,97.65686274509804,98.4888888888889
CNN_SGD_lr0.01_seed42,CNN,SGD,0.01,42,16,0.07053736760613381,0.04940626718310846,97.82156862745099,98.54444444444445
CNN_SGD_lr0.01_seed42,CNN,SGD,0.01,42,17,0.06638052590132928,0.0492548512334211,97.91568627450981,98.4888888888889
CNN_SGD_lr0.01_seed42,CNN,SGD,0.01,42,18,0.06639177378588447,0.04724900185254713,97.95098039215686,98.62222222222222
CNN_SGD_lr0.01_seed42,CNN,SGD,0.01,42,19,0.06535646593702191,0.045747050808949606,97.97450980392156,98.61111111111111
CNN_SGD_lr0.01_seed42,CNN,SGD,0.01,42,20,0.06035921432463197,0.04446694611323376,98.14509803921568,98.64444444444445
